<?xml version="1.0" encoding="utf-8" ?>
<component name="profileSelection" extends="baseScene">
    <interface>
        <field id="index" type="integer" alwaysNotify="true" onChange="onIndexChange"/>
        <field id="maxIndex" type="integer"/>
    </interface>
    <script type="text/brightscript" uri="profileSelection.brs" />
    <children>
        <rectangle
            id="background"
            width="1920"
            height="1080"
            color="#483D8B"/>
        <LayoutGroup id="layoutGroup" itemSpacings="[100]" horizAlignment="center">
            <Label
                id="label"
                font="font:MediumBoldSystemFont"
                text="pantalla 2?" />
            <LayoutGroup
                id="profiles"
                layoutDirection="horiz"
                itemSpacings="[100]" />
        </LayoutGroup>
    </children>
</component>